timestamp_utc,model,provider,throughput_tps,latency_s
2026-07-20 02:08:54,tencent/hy3-20260706:free,Novita,39.0,2.981
2026-07-20 02:08:54,xiaomi/mimo-v2.5-20260422,DigitalOcean,16.0,1.057
2026-07-20 02:08:54,xiaomi/mimo-v2.5-20260422,GMICloud,44.0,3.005
2026-07-20 02:08:54,xiaomi/mimo-v2.5-20260422,Xiaomi,41.0,2.664
2026-07-20 02:08:54,xiaomi/mimo-v2.5-20260422,Novita,38.0,2.766
2026-07-20 02:08:54,xiaomi/mimo-v2.5-20260422,DeepInfra,116.0,0.406
2026-07-20 02:08:54,deepseek/deepseek-v4-flash-20260423,DeepInfra,23.0,0.958
2026-07-20 02:08:54,deepseek/deepseek-v4-flash-20260423,StreamLake,44.0,1.578
2026-07-20 02:08:54,deepseek/deepseek-v4-flash-20260423,GMICloud,38.0,2.289
2026-07-20 02:08:54,deepseek/deepseek-v4-flash-20260423,Baidu,63.0,0.591
2026-07-20 02:08:54,deepseek/deepseek-v4-flash-20260423,DigitalOcean,7.0,1.552
2026-07-20 02:08:54,deepseek/deepseek-v4-flash-20260423,SiliconFlow,46.0,1.445
2026-07-20 02:08:54,deepseek/deepseek-v4-flash-20260423,Alibaba,65.0,0.939
2026-07-20 02:08:54,deepseek/deepseek-v4-flash-20260423,Venice,24.0,1.807
2026-07-20 02:08:54,deepseek/deepseek-v4-flash-20260423,Morph,33.0,0.899
2026-07-20 02:08:54,deepseek/deepseek-v4-flash-20260423,Parasail,38.0,0.661
2026-07-20 02:08:54,deepseek/deepseek-v4-flash-20260423,Fireworks,69.0,0.927
2026-07-20 02:08:54,deepseek/deepseek-v4-flash-20260423,Novita,46.0,1.395
2026-07-20 02:08:54,deepseek/deepseek-v4-flash-20260423,WandB,24.0,0.817
2026-07-20 02:08:54,deepseek/deepseek-v4-flash-20260423,AkashML,15.0,0.909
2026-07-20 02:08:54,deepseek/deepseek-v4-flash-20260423,AtlasCloud,58.0,1.221
2026-07-20 02:08:54,deepseek/deepseek-v4-flash-20260423,DeepSeek,70.0,0.741
2026-07-20 02:08:54,deepseek/deepseek-v4-flash-20260423,Io Net,8.0,3.576
2026-07-20 02:08:54,deepseek/deepseek-v4-flash-20260423,Ambient,49.0,0.891
2026-07-20 02:08:54,minimax/minimax-m3-20260531,Novita,52.0,2.15
2026-07-20 02:08:54,minimax/minimax-m3-20260531,Venice,96.0,1.648
2026-07-20 02:08:54,minimax/minimax-m3-20260531,GMICloud,31.0,2.873
2026-07-20 02:08:54,minimax/minimax-m3-20260531,Minimax,59.0,1.238
2026-07-20 02:08:54,minimax/minimax-m3-20260531,AtlasCloud,66.0,1.192
2026-07-20 02:08:54,minimax/minimax-m3-20260531,Together,46.0,0.807
2026-07-20 02:08:54,minimax/minimax-m3-20260531,DeepInfra,85.5,0.812
2026-07-20 02:08:54,minimax/minimax-m3-20260531,Morph,45.0,1.22
2026-07-20 02:08:54,z-ai/glm-5.2-20260616,Decart,53.0,3.541
2026-07-20 02:08:54,z-ai/glm-5.2-20260616,Novita,30.0,2.795
2026-07-20 02:08:54,z-ai/glm-5.2-20260616,StreamLake,45.0,1.085
2026-07-20 02:08:54,z-ai/glm-5.2-20260616,Baidu,42.0,1.421
2026-07-20 02:08:54,z-ai/glm-5.2-20260616,DeepInfra,5.0,0.647
2026-07-20 02:08:54,z-ai/glm-5.2-20260616,Inceptron,29.0,0.692
2026-07-20 02:08:54,z-ai/glm-5.2-20260616,DigitalOcean,35.0,0.661
2026-07-20 02:08:54,z-ai/glm-5.2-20260616,Ambient,79.0,0.753
2026-07-20 02:08:54,z-ai/glm-5.2-20260616,Morph,40.0,1.481
2026-07-20 02:08:54,z-ai/glm-5.2-20260616,Wafer,62.0,3.244
2026-07-20 02:08:54,z-ai/glm-5.2-20260616,Alibaba,33.0,1.121
2026-07-20 02:08:54,z-ai/glm-5.2-20260616,AtlasCloud,53.0,1.606
2026-07-20 02:08:54,z-ai/glm-5.2-20260616,AkashML,50.0,1.288
2026-07-20 02:08:54,z-ai/glm-5.2-20260616,SiliconFlow,46.0,2.439
2026-07-20 02:08:54,z-ai/glm-5.2-20260616,WandB,102.0,0.412
2026-07-20 02:08:54,z-ai/glm-5.2-20260616,Z.AI,28.0,4.83
2026-07-20 02:08:54,z-ai/glm-5.2-20260616,Chutes,38.0,1.444
2026-07-20 02:08:54,z-ai/glm-5.2-20260616,Fireworks,51.0,0.999
2026-07-20 02:08:54,z-ai/glm-5.2-20260616,Cloudflare,58.0,0.909
2026-07-20 02:08:54,z-ai/glm-5.2-20260616,Friendli,135.0,0.975
2026-07-20 02:08:54,z-ai/glm-5.2-20260616,Parasail,99.5,0.808
2026-07-20 02:08:54,z-ai/glm-5.2-20260616,GMICloud,56.5,1.399
2026-07-20 02:08:54,z-ai/glm-5.2-20260616,Venice,51.0,1.362
2026-07-20 02:08:54,z-ai/glm-5.2-20260616,Together,71.0,0.713
2026-07-20 02:08:54,z-ai/glm-5.2-20260616,Ionstream,81.0,0.7
2026-07-20 02:08:54,z-ai/glm-5.2-20260616,Phala,41.0,1.579
2026-07-20 02:08:54,z-ai/glm-5.2-20260616,BaseTen,74.0,1.177
2026-07-20 02:08:54,z-ai/glm-5.2-20260616,Fireworks,46.0,2.605
2026-07-20 02:08:54,z-ai/glm-5.2-20260616,Io Net,71.0,1.893
2026-07-20 02:08:54,z-ai/glm-5.2-20260616,Wafer,137.0,1.921
2026-07-20 02:08:54,nvidia/nemotron-3-ultra-550b-a55b-20260604:free,Nvidia,47.0,1.745
2026-07-20 02:08:54,deepseek/deepseek-v4-pro-20260423,DeepSeek,50.0,1.229
2026-07-20 02:08:54,deepseek/deepseek-v4-pro-20260423,StreamLake,33.0,2.856
2026-07-20 02:08:54,deepseek/deepseek-v4-pro-20260423,Baidu,41.0,1.05
2026-07-20 02:08:54,deepseek/deepseek-v4-pro-20260423,GMICloud,45.0,2.912
2026-07-20 02:08:54,deepseek/deepseek-v4-pro-20260423,Ionstream,27.0,1.046
2026-07-20 02:08:54,deepseek/deepseek-v4-pro-20260423,Novita,49.0,2.0
2026-07-20 02:08:54,deepseek/deepseek-v4-pro-20260423,DeepInfra,49.0,0.808
2026-07-20 02:08:54,deepseek/deepseek-v4-pro-20260423,DigitalOcean,25.0,1.537
2026-07-20 02:08:54,deepseek/deepseek-v4-pro-20260423,Alibaba,66.0,1.353
2026-07-20 02:08:54,deepseek/deepseek-v4-pro-20260423,SiliconFlow,35.0,3.951
2026-07-20 02:08:54,deepseek/deepseek-v4-pro-20260423,Venice,51.0,1.733
2026-07-20 02:08:54,deepseek/deepseek-v4-pro-20260423,AtlasCloud,46.0,2.485
2026-07-20 02:08:54,deepseek/deepseek-v4-pro-20260423,BaseTen,83.0,0.784
2026-07-20 02:08:54,deepseek/deepseek-v4-pro-20260423,Parasail,29.0,0.784
2026-07-20 02:08:54,deepseek/deepseek-v4-pro-20260423,WandB,7.0,1.397
2026-07-20 02:08:54,deepseek/deepseek-v4-pro-20260423,Together,23.0,1.155
2026-07-20 02:08:54,deepseek/deepseek-v4-pro-20260423,Fireworks,49.0,1.68
2026-07-20 02:08:54,anthropic/claude-4.7-opus-20260416,Amazon Bedrock,62.0,1.943
2026-07-20 02:08:54,anthropic/claude-4.7-opus-20260416,Anthropic,43.0,1.857
2026-07-20 02:08:54,anthropic/claude-4.7-opus-20260416,Google,72.0,0.855
2026-07-20 02:08:54,anthropic/claude-4.7-opus-20260416,Anthropic,40.0,1.518
2026-07-20 02:08:54,anthropic/claude-4.7-opus-20260416,Google,129.5,1.431
2026-07-20 02:10:22,tencent/hy3-20260706:free,Novita,38.0,2.994
2026-07-20 02:10:22,xiaomi/mimo-v2.5-20260422,DigitalOcean,16.0,1.057
2026-07-20 02:10:22,xiaomi/mimo-v2.5-20260422,GMICloud,44.0,3.005
2026-07-20 02:10:22,xiaomi/mimo-v2.5-20260422,Xiaomi,41.0,2.664
2026-07-20 02:10:22,xiaomi/mimo-v2.5-20260422,Novita,38.0,2.766
2026-07-20 02:10:22,xiaomi/mimo-v2.5-20260422,DeepInfra,116.0,0.406
2026-07-20 02:10:22,deepseek/deepseek-v4-flash-20260423,DeepInfra,23.0,0.962
2026-07-20 02:10:22,deepseek/deepseek-v4-flash-20260423,StreamLake,44.0,1.567
2026-07-20 02:10:22,deepseek/deepseek-v4-flash-20260423,GMICloud,38.0,2.322
2026-07-20 02:10:22,deepseek/deepseek-v4-flash-20260423,Baidu,63.0,0.591
2026-07-20 02:10:22,deepseek/deepseek-v4-flash-20260423,DigitalOcean,7.0,1.559
2026-07-20 02:10:22,deepseek/deepseek-v4-flash-20260423,SiliconFlow,47.0,1.45
2026-07-20 02:10:22,deepseek/deepseek-v4-flash-20260423,Alibaba,67.0,0.941
2026-07-20 02:10:22,deepseek/deepseek-v4-flash-20260423,Venice,24.0,1.805
2026-07-20 02:10:22,deepseek/deepseek-v4-flash-20260423,Morph,35.0,0.857
2026-07-20 02:10:22,deepseek/deepseek-v4-flash-20260423,Parasail,38.0,0.655
2026-07-20 02:10:22,deepseek/deepseek-v4-flash-20260423,Fireworks,67.0,0.966
2026-07-20 02:10:22,deepseek/deepseek-v4-flash-20260423,Novita,46.0,1.387
2026-07-20 02:10:22,deepseek/deepseek-v4-flash-20260423,WandB,26.0,0.876
2026-07-20 02:10:22,deepseek/deepseek-v4-flash-20260423,AkashML,15.0,1.067
2026-07-20 02:10:22,deepseek/deepseek-v4-flash-20260423,AtlasCloud,58.0,1.227
2026-07-20 02:10:22,deepseek/deepseek-v4-flash-20260423,DeepSeek,69.0,0.754
2026-07-20 02:10:22,deepseek/deepseek-v4-flash-20260423,Io Net,10.0,3.396
2026-07-20 02:10:22,deepseek/deepseek-v4-flash-20260423,Ambient,48.0,0.879
2026-07-20 02:10:22,minimax/minimax-m3-20260531,Novita,47.0,2.374
2026-07-20 02:10:22,minimax/minimax-m3-20260531,Venice,90.5,1.73
2026-07-20 02:10:22,minimax/minimax-m3-20260531,GMICloud,8.0,3.622
2026-07-20 02:10:22,minimax/minimax-m3-20260531,Minimax,56.0,1.415
2026-07-20 02:10:22,minimax/minimax-m3-20260531,AtlasCloud,55.0,1.217
2026-07-20 02:10:22,minimax/minimax-m3-20260531,Together,52.0,0.854
2026-07-20 02:10:22,minimax/minimax-m3-20260531,Parasail,41.0,1.018
2026-07-20 02:10:22,minimax/minimax-m3-20260531,DeepInfra,43.0,5.257
2026-07-20 02:10:22,minimax/minimax-m3-20260531,Morph,46.0,1.377
2026-07-20 02:10:22,z-ai/glm-5.2-20260616,Decart,50.0,4.114
2026-07-20 02:10:22,z-ai/glm-5.2-20260616,Novita,30.0,2.901
2026-07-20 02:10:22,z-ai/glm-5.2-20260616,StreamLake,45.0,1.058
2026-07-20 02:10:22,z-ai/glm-5.2-20260616,Baidu,40.0,1.456
2026-07-20 02:10:22,z-ai/glm-5.2-20260616,DeepInfra,5.0,0.64
2026-07-20 02:10:22,z-ai/glm-5.2-20260616,Inceptron,26.0,0.801
2026-07-20 02:10:22,z-ai/glm-5.2-20260616,DigitalOcean,35.0,0.677
2026-07-20 02:10:22,z-ai/glm-5.2-20260616,Ambient,67.0,0.748
2026-07-20 02:10:22,z-ai/glm-5.2-20260616,Morph,41.0,1.515
2026-07-20 02:10:22,z-ai/glm-5.2-20260616,Wafer,63.0,3.371
2026-07-20 02:10:22,z-ai/glm-5.2-20260616,Alibaba,33.0,1.129
2026-07-20 02:10:22,z-ai/glm-5.2-20260616,AtlasCloud,51.0,1.432
2026-07-20 02:10:22,z-ai/glm-5.2-20260616,SiliconFlow,47.0,2.467
2026-07-20 02:10:22,z-ai/glm-5.2-20260616,WandB,100.0,0.414
2026-07-20 02:10:22,z-ai/glm-5.2-20260616,Z.AI,28.0,4.973
2026-07-20 02:10:22,z-ai/glm-5.2-20260616,Chutes,36.0,1.549
2026-07-20 02:10:22,z-ai/glm-5.2-20260616,Fireworks,53.0,1.017
2026-07-20 02:10:22,z-ai/glm-5.2-20260616,Cloudflare,60.0,0.908
2026-07-20 02:10:22,z-ai/glm-5.2-20260616,Friendli,136.0,0.908
2026-07-20 02:10:22,z-ai/glm-5.2-20260616,Parasail,70.0,0.778
2026-07-20 02:10:22,z-ai/glm-5.2-20260616,GMICloud,52.0,1.475
2026-07-20 02:10:22,z-ai/glm-5.2-20260616,Venice,51.5,1.341
2026-07-20 02:10:22,z-ai/glm-5.2-20260616,Together,72.0,0.67
2026-07-20 02:10:22,z-ai/glm-5.2-20260616,Ionstream,81.0,0.708
2026-07-20 02:10:22,z-ai/glm-5.2-20260616,Phala,39.0,1.538
2026-07-20 02:10:22,z-ai/glm-5.2-20260616,BaseTen,69.0,1.141
2026-07-20 02:10:22,z-ai/glm-5.2-20260616,Fireworks,46.0,2.481
2026-07-20 02:10:22,z-ai/glm-5.2-20260616,Io Net,67.0,1.882
2026-07-20 02:10:22,z-ai/glm-5.2-20260616,Wafer,157.0,1.899
2026-07-20 02:10:22,nvidia/nemotron-3-ultra-550b-a55b-20260604:free,Nvidia,45.0,1.813
2026-07-20 02:10:22,deepseek/deepseek-v4-pro-20260423,DeepSeek,48.0,1.271
2026-07-20 02:10:22,deepseek/deepseek-v4-pro-20260423,StreamLake,32.0,3.029
2026-07-20 02:10:22,deepseek/deepseek-v4-pro-20260423,Baidu,40.0,1.05
2026-07-20 02:10:22,deepseek/deepseek-v4-pro-20260423,GMICloud,45.0,2.949
2026-07-20 02:10:22,deepseek/deepseek-v4-pro-20260423,Ionstream,25.0,1.086
2026-07-20 02:10:22,deepseek/deepseek-v4-pro-20260423,Novita,49.0,2.087
2026-07-20 02:10:22,deepseek/deepseek-v4-pro-20260423,DeepInfra,49.0,0.806
2026-07-20 02:10:22,deepseek/deepseek-v4-pro-20260423,DigitalOcean,28.0,1.471
2026-07-20 02:10:22,deepseek/deepseek-v4-pro-20260423,Alibaba,65.0,1.362
2026-07-20 02:10:22,deepseek/deepseek-v4-pro-20260423,SiliconFlow,35.0,3.982
2026-07-20 02:10:22,deepseek/deepseek-v4-pro-20260423,Venice,50.0,1.678
2026-07-20 02:10:22,deepseek/deepseek-v4-pro-20260423,AtlasCloud,46.0,2.404
2026-07-20 02:10:22,deepseek/deepseek-v4-pro-20260423,BaseTen,80.0,0.847
2026-07-20 02:10:22,deepseek/deepseek-v4-pro-20260423,Parasail,29.0,0.839
2026-07-20 02:10:22,deepseek/deepseek-v4-pro-20260423,WandB,6.0,1.35
2026-07-20 02:10:22,deepseek/deepseek-v4-pro-20260423,Together,29.0,1.053
2026-07-20 02:10:22,deepseek/deepseek-v4-pro-20260423,Fireworks,50.0,1.663
2026-07-20 02:10:22,anthropic/claude-4.7-opus-20260416,Amazon Bedrock,62.0,1.952
2026-07-20 02:10:22,anthropic/claude-4.7-opus-20260416,Anthropic,42.0,1.854
2026-07-20 02:10:22,anthropic/claude-4.7-opus-20260416,Google,74.0,0.862
2026-07-20 02:10:22,anthropic/claude-4.7-opus-20260416,Anthropic,41.0,1.616
2026-07-20 02:10:22,anthropic/claude-4.7-opus-20260416,Google,130.0,1.451
2026-07-20 02:20:19,tencent/hy3-20260706:free,Novita,37.0,3.053
2026-07-20 02:20:19,xiaomi/mimo-v2.5-20260422,DigitalOcean,18.0,1.002
2026-07-20 02:20:19,xiaomi/mimo-v2.5-20260422,GMICloud,43.0,2.981
2026-07-20 02:20:19,xiaomi/mimo-v2.5-20260422,Xiaomi,39.0,2.826
2026-07-20 02:20:19,xiaomi/mimo-v2.5-20260422,Novita,38.0,2.658
2026-07-20 02:20:19,xiaomi/mimo-v2.5-20260422,DeepInfra,42.0,0.376
2026-07-20 02:20:19,deepseek/deepseek-v4-flash-20260423,DeepInfra,22.0,0.965
2026-07-20 02:20:19,deepseek/deepseek-v4-flash-20260423,StreamLake,43.0,1.622
2026-07-20 02:20:19,deepseek/deepseek-v4-flash-20260423,GMICloud,38.0,2.337
2026-07-20 02:20:19,deepseek/deepseek-v4-flash-20260423,Baidu,63.0,0.595
2026-07-20 02:20:19,deepseek/deepseek-v4-flash-20260423,DigitalOcean,7.0,1.55
2026-07-20 02:20:19,deepseek/deepseek-v4-flash-20260423,SiliconFlow,44.0,1.538
2026-07-20 02:20:19,deepseek/deepseek-v4-flash-20260423,Alibaba,65.0,0.946
2026-07-20 02:20:19,deepseek/deepseek-v4-flash-20260423,Venice,25.0,1.82
2026-07-20 02:20:19,deepseek/deepseek-v4-flash-20260423,Morph,37.0,0.815
2026-07-20 02:20:19,deepseek/deepseek-v4-flash-20260423,Parasail,38.0,0.642
2026-07-20 02:20:19,deepseek/deepseek-v4-flash-20260423,Fireworks,62.0,1.123
2026-07-20 02:20:19,deepseek/deepseek-v4-flash-20260423,Novita,44.0,1.411
2026-07-20 02:20:19,deepseek/deepseek-v4-flash-20260423,WandB,34.0,0.786
2026-07-20 02:20:19,deepseek/deepseek-v4-flash-20260423,AkashML,15.0,1.048
2026-07-20 02:20:19,deepseek/deepseek-v4-flash-20260423,AtlasCloud,58.0,1.233
2026-07-20 02:20:19,deepseek/deepseek-v4-flash-20260423,DeepSeek,72.0,0.764
2026-07-20 02:20:19,deepseek/deepseek-v4-flash-20260423,Io Net,13.0,2.938
2026-07-20 02:20:19,deepseek/deepseek-v4-flash-20260423,Ambient,50.0,0.852
2026-07-20 02:20:19,minimax/minimax-m3-20260531,Novita,45.0,2.467
2026-07-20 02:20:19,minimax/minimax-m3-20260531,Venice,112.0,1.68
2026-07-20 02:20:19,minimax/minimax-m3-20260531,GMICloud,7.0,3.889
2026-07-20 02:20:19,minimax/minimax-m3-20260531,Minimax,53.0,1.488
2026-07-20 02:20:19,minimax/minimax-m3-20260531,AtlasCloud,47.0,1.222
2026-07-20 02:20:19,minimax/minimax-m3-20260531,Together,44.0,0.743
2026-07-20 02:20:19,minimax/minimax-m3-20260531,Parasail,48.5,1.341
2026-07-20 02:20:19,minimax/minimax-m3-20260531,DeepInfra,66.0,0.783
2026-07-20 02:20:19,minimax/minimax-m3-20260531,Morph,30.0,1.523
2026-07-20 02:20:19,z-ai/glm-5.2-20260616,Decart,45.0,3.909
2026-07-20 02:20:19,z-ai/glm-5.2-20260616,Novita,29.0,3.07
2026-07-20 02:20:19,z-ai/glm-5.2-20260616,StreamLake,45.0,1.082
2026-07-20 02:20:19,z-ai/glm-5.2-20260616,Baidu,36.0,1.607
2026-07-20 02:20:19,z-ai/glm-5.2-20260616,DeepInfra,5.0,0.633
2026-07-20 02:20:19,z-ai/glm-5.2-20260616,Inceptron,26.0,0.862
2026-07-20 02:20:19,z-ai/glm-5.2-20260616,DigitalOcean,33.0,0.701
2026-07-20 02:20:19,z-ai/glm-5.2-20260616,Ambient,50.0,0.841
2026-07-20 02:20:19,z-ai/glm-5.2-20260616,Morph,36.0,1.639
2026-07-20 02:20:19,z-ai/glm-5.2-20260616,Wafer,59.0,3.717
2026-07-20 02:20:19,z-ai/glm-5.2-20260616,Alibaba,34.0,1.069
2026-07-20 02:20:19,z-ai/glm-5.2-20260616,AtlasCloud,51.0,1.382
2026-07-20 02:20:19,z-ai/glm-5.2-20260616,AkashML,50.0,1.138
2026-07-20 02:20:19,z-ai/glm-5.2-20260616,SiliconFlow,48.0,2.493
2026-07-20 02:20:19,z-ai/glm-5.2-20260616,WandB,99.0,0.443
2026-07-20 02:20:19,z-ai/glm-5.2-20260616,Z.AI,24.0,5.383
2026-07-20 02:20:19,z-ai/glm-5.2-20260616,Chutes,37.0,1.671
2026-07-20 02:20:19,z-ai/glm-5.2-20260616,Fireworks,54.0,1.006
2026-07-20 02:20:19,z-ai/glm-5.2-20260616,Cloudflare,63.0,0.928
2026-07-20 02:20:19,z-ai/glm-5.2-20260616,Friendli,131.0,1.017
2026-07-20 02:20:19,z-ai/glm-5.2-20260616,Parasail,63.5,0.869
2026-07-20 02:20:19,z-ai/glm-5.2-20260616,GMICloud,52.0,1.471
2026-07-20 02:20:19,z-ai/glm-5.2-20260616,Venice,51.0,1.295
2026-07-20 02:20:19,z-ai/glm-5.2-20260616,Together,79.0,0.522
2026-07-20 02:20:19,z-ai/glm-5.2-20260616,Ionstream,80.0,0.766
2026-07-20 02:20:19,z-ai/glm-5.2-20260616,Phala,39.0,1.621
2026-07-20 02:20:19,z-ai/glm-5.2-20260616,BaseTen,68.0,1.144
2026-07-20 02:20:19,z-ai/glm-5.2-20260616,Fireworks,46.0,2.627
2026-07-20 02:20:19,z-ai/glm-5.2-20260616,Io Net,66.5,1.839
2026-07-20 02:20:19,z-ai/glm-5.2-20260616,Wafer,149.0,1.994
2026-07-20 02:20:19,nvidia/nemotron-3-ultra-550b-a55b-20260604:free,Nvidia,44.0,1.857
2026-07-20 02:20:19,deepseek/deepseek-v4-pro-20260423,DeepSeek,48.0,1.288
2026-07-20 02:20:19,deepseek/deepseek-v4-pro-20260423,StreamLake,32.0,3.143
2026-07-20 02:20:19,deepseek/deepseek-v4-pro-20260423,Baidu,40.0,1.027
2026-07-20 02:20:19,deepseek/deepseek-v4-pro-20260423,GMICloud,44.0,2.797
2026-07-20 02:20:19,deepseek/deepseek-v4-pro-20260423,Ionstream,16.0,1.093
2026-07-20 02:20:19,deepseek/deepseek-v4-pro-20260423,Novita,50.0,2.074
2026-07-20 02:20:19,deepseek/deepseek-v4-pro-20260423,DeepInfra,49.0,0.822
2026-07-20 02:20:19,deepseek/deepseek-v4-pro-20260423,DigitalOcean,29.0,1.428
2026-07-20 02:20:19,deepseek/deepseek-v4-pro-20260423,Alibaba,64.0,1.429
2026-07-20 02:20:19,deepseek/deepseek-v4-pro-20260423,SiliconFlow,34.0,3.932
2026-07-20 02:20:19,deepseek/deepseek-v4-pro-20260423,Venice,51.0,1.574
2026-07-20 02:20:19,deepseek/deepseek-v4-pro-20260423,AtlasCloud,47.0,2.281
2026-07-20 02:20:19,deepseek/deepseek-v4-pro-20260423,BaseTen,78.0,0.788
2026-07-20 02:20:19,deepseek/deepseek-v4-pro-20260423,Parasail,28.0,0.931
2026-07-20 02:20:19,deepseek/deepseek-v4-pro-20260423,WandB,6.0,1.369
2026-07-20 02:20:19,deepseek/deepseek-v4-pro-20260423,Together,47.0,0.846
2026-07-20 02:20:19,deepseek/deepseek-v4-pro-20260423,Fireworks,53.0,1.676
2026-07-20 02:20:19,anthropic/claude-4.7-opus-20260416,Amazon Bedrock,62.0,2.021
2026-07-20 02:20:19,anthropic/claude-4.7-opus-20260416,Anthropic,42.0,1.812
2026-07-20 02:20:19,anthropic/claude-4.7-opus-20260416,Google,74.0,0.886
2026-07-20 02:20:19,anthropic/claude-4.7-opus-20260416,Anthropic,41.0,1.667
2026-07-20 02:20:19,anthropic/claude-4.7-opus-20260416,Google,108.0,1.15
2026-07-20 02:30:19,tencent/hy3-20260706:free,Novita,36.0,3.01
2026-07-20 02:30:19,xiaomi/mimo-v2.5-20260422,DigitalOcean,20.0,0.949
2026-07-20 02:30:19,xiaomi/mimo-v2.5-20260422,GMICloud,37.0,4.046
2026-07-20 02:30:19,xiaomi/mimo-v2.5-20260422,Xiaomi,39.0,2.881
2026-07-20 02:30:19,xiaomi/mimo-v2.5-20260422,Novita,47.0,2.405
2026-07-20 02:30:19,xiaomi/mimo-v2.5-20260422,DeepInfra,40.0,0.379
2026-07-20 02:30:19,deepseek/deepseek-v4-flash-20260423,DeepInfra,22.0,0.967
2026-07-20 02:30:19,deepseek/deepseek-v4-flash-20260423,StreamLake,43.0,1.647
2026-07-20 02:30:19,deepseek/deepseek-v4-flash-20260423,GMICloud,38.0,2.367
2026-07-20 02:30:19,deepseek/deepseek-v4-flash-20260423,Baidu,62.0,0.597
2026-07-20 02:30:19,deepseek/deepseek-v4-flash-20260423,DigitalOcean,7.0,1.538
2026-07-20 02:30:19,deepseek/deepseek-v4-flash-20260423,SiliconFlow,44.0,1.585
2026-07-20 02:30:19,deepseek/deepseek-v4-flash-20260423,Alibaba,65.0,0.946
2026-07-20 02:30:19,deepseek/deepseek-v4-flash-20260423,Venice,23.0,1.815
2026-07-20 02:30:19,deepseek/deepseek-v4-flash-20260423,Morph,35.0,0.824
2026-07-20 02:30:19,deepseek/deepseek-v4-flash-20260423,Parasail,38.0,0.645
2026-07-20 02:30:19,deepseek/deepseek-v4-flash-20260423,Fireworks,62.0,1.232
2026-07-20 02:30:19,deepseek/deepseek-v4-flash-20260423,Novita,44.0,1.41
2026-07-20 02:30:19,deepseek/deepseek-v4-flash-20260423,WandB,41.0,0.697
2026-07-20 02:30:19,deepseek/deepseek-v4-flash-20260423,AkashML,15.0,1.04
2026-07-20 02:30:19,deepseek/deepseek-v4-flash-20260423,AtlasCloud,58.0,1.243
2026-07-20 02:30:19,deepseek/deepseek-v4-flash-20260423,DeepSeek,75.0,0.767
2026-07-20 02:30:19,deepseek/deepseek-v4-flash-20260423,Io Net,13.0,2.726
2026-07-20 02:30:19,deepseek/deepseek-v4-flash-20260423,Ambient,51.0,0.84
2026-07-20 02:30:19,minimax/minimax-m3-20260531,Novita,45.0,2.467
2026-07-20 02:30:19,minimax/minimax-m3-20260531,Venice,112.0,1.68
2026-07-20 02:30:19,minimax/minimax-m3-20260531,GMICloud,7.0,3.889
2026-07-20 02:30:19,minimax/minimax-m3-20260531,Minimax,53.0,1.488
2026-07-20 02:30:19,minimax/minimax-m3-20260531,AtlasCloud,47.0,1.222
2026-07-20 02:30:19,minimax/minimax-m3-20260531,Together,44.0,0.743
2026-07-20 02:30:19,minimax/minimax-m3-20260531,Parasail,48.5,1.341
2026-07-20 02:30:19,minimax/minimax-m3-20260531,DeepInfra,66.0,0.783
2026-07-20 02:30:19,minimax/minimax-m3-20260531,Morph,30.0,1.523
2026-07-20 02:30:19,z-ai/glm-5.2-20260616,Decart,113.0,1.368
2026-07-20 02:30:19,z-ai/glm-5.2-20260616,Novita,28.0,3.346
2026-07-20 02:30:19,z-ai/glm-5.2-20260616,Baidu,35.0,1.96
2026-07-20 02:30:19,z-ai/glm-5.2-20260616,DeepInfra,5.0,0.638
2026-07-20 02:30:19,z-ai/glm-5.2-20260616,Inceptron,23.0,1.028
2026-07-20 02:30:19,z-ai/glm-5.2-20260616,StreamLake,46.0,1.124
2026-07-20 02:30:19,z-ai/glm-5.2-20260616,DigitalOcean,30.0,0.8
2026-07-20 02:30:19,z-ai/glm-5.2-20260616,Ambient,53.0,0.907
2026-07-20 02:30:19,z-ai/glm-5.2-20260616,Morph,39.0,1.568
2026-07-20 02:30:19,z-ai/glm-5.2-20260616,Wafer,52.0,3.75
2026-07-20 02:30:19,z-ai/glm-5.2-20260616,Alibaba,33.0,1.08
2026-07-20 02:30:19,z-ai/glm-5.2-20260616,AtlasCloud,52.0,1.477
2026-07-20 02:30:19,z-ai/glm-5.2-20260616,SiliconFlow,48.0,2.303
2026-07-20 02:30:19,z-ai/glm-5.2-20260616,WandB,99.0,0.443
2026-07-20 02:30:19,z-ai/glm-5.2-20260616,Z.AI,22.0,6.508
2026-07-20 02:30:19,z-ai/glm-5.2-20260616,Chutes,39.0,1.555
2026-07-20 02:30:19,z-ai/glm-5.2-20260616,Fireworks,54.0,1.012
2026-07-20 02:30:19,z-ai/glm-5.2-20260616,Cloudflare,62.0,0.898
2026-07-20 02:30:19,z-ai/glm-5.2-20260616,Friendli,118.0,1.102
2026-07-20 02:30:19,z-ai/glm-5.2-20260616,Parasail,74.0,1.011
2026-07-20 02:30:19,z-ai/glm-5.2-20260616,GMICloud,49.0,1.49
2026-07-20 02:30:19,z-ai/glm-5.2-20260616,Venice,54.0,1.224
2026-07-20 02:30:19,z-ai/glm-5.2-20260616,Together,78.0,0.508
2026-07-20 02:30:19,z-ai/glm-5.2-20260616,Ionstream,67.0,0.934
2026-07-20 02:30:19,z-ai/glm-5.2-20260616,Phala,39.0,1.884
2026-07-20 02:30:19,z-ai/glm-5.2-20260616,BaseTen,70.0,1.144
2026-07-20 02:30:19,z-ai/glm-5.2-20260616,Fireworks,47.0,2.216
2026-07-20 02:30:19,z-ai/glm-5.2-20260616,Io Net,74.0,1.84
2026-07-20 02:30:19,z-ai/glm-5.2-20260616,Wafer,136.0,1.759
2026-07-20 02:30:19,nvidia/nemotron-3-ultra-550b-a55b-20260604:free,Nvidia,46.0,1.836
2026-07-20 02:30:19,deepseek/deepseek-v4-pro-20260423,DeepSeek,47.0,1.285
2026-07-20 02:30:19,deepseek/deepseek-v4-pro-20260423,StreamLake,32.0,3.179
2026-07-20 02:30:19,deepseek/deepseek-v4-pro-20260423,Baidu,41.0,1.016
2026-07-20 02:30:19,deepseek/deepseek-v4-pro-20260423,GMICloud,43.0,2.726
2026-07-20 02:30:19,deepseek/deepseek-v4-pro-20260423,Ionstream,16.0,1.062
2026-07-20 02:30:19,deepseek/deepseek-v4-pro-20260423,Novita,49.0,2.077
2026-07-20 02:30:19,deepseek/deepseek-v4-pro-20260423,DeepInfra,49.0,0.813
2026-07-20 02:30:19,deepseek/deepseek-v4-pro-20260423,DigitalOcean,29.0,1.371
2026-07-20 02:30:19,deepseek/deepseek-v4-pro-20260423,Alibaba,64.0,1.441
2026-07-20 02:30:19,deepseek/deepseek-v4-pro-20260423,SiliconFlow,35.0,3.76
2026-07-20 02:30:19,deepseek/deepseek-v4-pro-20260423,Venice,51.0,1.503
2026-07-20 02:30:19,deepseek/deepseek-v4-pro-20260423,AtlasCloud,47.0,2.232
2026-07-20 02:30:19,deepseek/deepseek-v4-pro-20260423,BaseTen,78.0,0.854
2026-07-20 02:30:19,deepseek/deepseek-v4-pro-20260423,Parasail,28.0,0.968
2026-07-20 02:30:19,deepseek/deepseek-v4-pro-20260423,WandB,6.0,1.448
2026-07-20 02:30:19,deepseek/deepseek-v4-pro-20260423,Together,49.0,0.819
2026-07-20 02:30:19,deepseek/deepseek-v4-pro-20260423,Fireworks,57.0,1.544
2026-07-20 02:30:19,anthropic/claude-4.7-opus-20260416,Amazon Bedrock,62.0,2.033
2026-07-20 02:30:19,anthropic/claude-4.7-opus-20260416,Anthropic,42.0,1.794
2026-07-20 02:30:19,anthropic/claude-4.7-opus-20260416,Google,73.0,0.892
2026-07-20 02:30:19,anthropic/claude-4.7-opus-20260416,Anthropic,42.0,1.673
2026-07-20 02:30:19,anthropic/claude-4.7-opus-20260416,Google,88.0,1.159
2026-07-20 02:40:17,tencent/hy3-20260706:free,Novita,37.0,3.091
2026-07-20 02:40:17,xiaomi/mimo-v2.5-20260422,DigitalOcean,19.0,0.942
2026-07-20 02:40:17,xiaomi/mimo-v2.5-20260422,GMICloud,33.0,4.556
2026-07-20 02:40:17,xiaomi/mimo-v2.5-20260422,Xiaomi,41.0,2.795
2026-07-20 02:40:17,xiaomi/mimo-v2.5-20260422,Novita,55.0,1.806
2026-07-20 02:40:17,xiaomi/mimo-v2.5-20260422,DeepInfra,40.0,0.374
2026-07-20 02:40:17,deepseek/deepseek-v4-flash-20260423,DeepInfra,22.0,0.973
2026-07-20 02:40:17,deepseek/deepseek-v4-flash-20260423,StreamLake,42.0,1.665
2026-07-20 02:40:17,deepseek/deepseek-v4-flash-20260423,GMICloud,37.0,2.402
2026-07-20 02:40:17,deepseek/deepseek-v4-flash-20260423,Baidu,62.0,0.599
2026-07-20 02:40:17,deepseek/deepseek-v4-flash-20260423,DigitalOcean,7.0,1.52
2026-07-20 02:40:17,deepseek/deepseek-v4-flash-20260423,SiliconFlow,41.0,1.636
2026-07-20 02:40:17,deepseek/deepseek-v4-flash-20260423,Alibaba,62.0,0.944
2026-07-20 02:40:17,deepseek/deepseek-v4-flash-20260423,Venice,22.0,1.821
2026-07-20 02:40:17,deepseek/deepseek-v4-flash-20260423,Morph,35.0,0.832
2026-07-20 02:40:17,deepseek/deepseek-v4-flash-20260423,Parasail,39.0,0.631
2026-07-20 02:40:17,deepseek/deepseek-v4-flash-20260423,Fireworks,64.0,1.327
2026-07-20 02:40:17,deepseek/deepseek-v4-flash-20260423,Novita,44.0,1.423
2026-07-20 02:40:17,deepseek/deepseek-v4-flash-20260423,WandB,51.0,0.635
2026-07-20 02:40:17,deepseek/deepseek-v4-flash-20260423,AkashML,16.0,0.981
2026-07-20 02:40:17,deepseek/deepseek-v4-flash-20260423,AtlasCloud,60.0,1.247
2026-07-20 02:40:17,deepseek/deepseek-v4-flash-20260423,DeepSeek,76.0,0.76
2026-07-20 02:40:17,deepseek/deepseek-v4-flash-20260423,Io Net,16.0,2.603
2026-07-20 02:40:17,deepseek/deepseek-v4-flash-20260423,Ambient,48.0,0.822
2026-07-20 02:40:17,minimax/minimax-m3-20260531,Novita,44.0,2.566
2026-07-20 02:40:17,minimax/minimax-m3-20260531,Venice,107.0,1.635
2026-07-20 02:40:17,minimax/minimax-m3-20260531,GMICloud,8.0,3.732
2026-07-20 02:40:17,minimax/minimax-m3-20260531,Minimax,51.0,1.595
2026-07-20 02:40:17,minimax/minimax-m3-20260531,AtlasCloud,41.0,1.225
2026-07-20 02:40:17,minimax/minimax-m3-20260531,Together,39.0,0.658
2026-07-20 02:40:17,minimax/minimax-m3-20260531,Parasail,44.0,1.249
2026-07-20 02:40:17,minimax/minimax-m3-20260531,DeepInfra,96.0,0.405
2026-07-20 02:40:17,minimax/minimax-m3-20260531,Morph,39.0,1.343
2026-07-20 02:40:17,z-ai/glm-5.2-20260616,Decart,47.0,4.649
2026-07-20 02:40:17,z-ai/glm-5.2-20260616,Novita,29.0,3.189
2026-07-20 02:40:17,z-ai/glm-5.2-20260616,Baidu,38.0,1.885
2026-07-20 02:40:17,z-ai/glm-5.2-20260616,DeepInfra,5.0,0.649
2026-07-20 02:40:17,z-ai/glm-5.2-20260616,Inceptron,24.0,1.13
2026-07-20 02:40:17,z-ai/glm-5.2-20260616,StreamLake,48.0,1.201
2026-07-20 02:40:17,z-ai/glm-5.2-20260616,DigitalOcean,32.0,0.77
2026-07-20 02:40:17,z-ai/glm-5.2-20260616,Ambient,81.0,0.8
2026-07-20 02:40:17,z-ai/glm-5.2-20260616,Morph,45.0,1.466
2026-07-20 02:40:17,z-ai/glm-5.2-20260616,Wafer,52.0,3.753
2026-07-20 02:40:17,z-ai/glm-5.2-20260616,Alibaba,33.0,1.078
2026-07-20 02:40:17,z-ai/glm-5.2-20260616,AtlasCloud,52.0,1.477
2026-07-20 02:40:17,z-ai/glm-5.2-20260616,AkashML,74.0,0.695
2026-07-20 02:40:17,z-ai/glm-5.2-20260616,SiliconFlow,47.0,2.25
2026-07-20 02:40:17,z-ai/glm-5.2-20260616,WandB,101.0,0.426
2026-07-20 02:40:17,z-ai/glm-5.2-20260616,Z.AI,21.0,6.761
2026-07-20 02:40:17,z-ai/glm-5.2-20260616,Chutes,44.0,1.534
2026-07-20 02:40:17,z-ai/glm-5.2-20260616,Fireworks,53.0,1.0
2026-07-20 02:40:17,z-ai/glm-5.2-20260616,Cloudflare,59.0,0.909
2026-07-20 02:40:17,z-ai/glm-5.2-20260616,Friendli,110.0,1.188
2026-07-20 02:40:17,z-ai/glm-5.2-20260616,Parasail,91.0,1.07
2026-07-20 02:40:17,z-ai/glm-5.2-20260616,GMICloud,48.0,1.605
2026-07-20 02:40:17,z-ai/glm-5.2-20260616,Venice,57.0,1.341
2026-07-20 02:40:17,z-ai/glm-5.2-20260616,Together,77.0,0.511
2026-07-20 02:40:17,z-ai/glm-5.2-20260616,Ionstream,67.0,0.919
2026-07-20 02:40:17,z-ai/glm-5.2-20260616,Phala,42.0,1.744
2026-07-20 02:40:17,z-ai/glm-5.2-20260616,BaseTen,72.5,1.171
2026-07-20 02:40:17,z-ai/glm-5.2-20260616,Fireworks,42.0,2.033
2026-07-20 02:40:17,z-ai/glm-5.2-20260616,Io Net,71.0,1.921
2026-07-20 02:40:17,nvidia/nemotron-3-ultra-550b-a55b-20260604:free,Nvidia,44.0,1.809
2026-07-20 02:40:17,deepseek/deepseek-v4-pro-20260423,DeepSeek,47.0,1.223
2026-07-20 02:40:17,deepseek/deepseek-v4-pro-20260423,StreamLake,31.0,3.002
2026-07-20 02:40:17,deepseek/deepseek-v4-pro-20260423,Baidu,41.0,0.997
2026-07-20 02:40:17,deepseek/deepseek-v4-pro-20260423,GMICloud,43.0,2.475
2026-07-20 02:40:17,deepseek/deepseek-v4-pro-20260423,Ionstream,15.0,1.019
2026-07-20 02:40:17,deepseek/deepseek-v4-pro-20260423,Novita,49.0,1.974
2026-07-20 02:40:17,deepseek/deepseek-v4-pro-20260423,DeepInfra,49.0,0.796
2026-07-20 02:40:17,deepseek/deepseek-v4-pro-20260423,DigitalOcean,27.0,1.328
2026-07-20 02:40:17,deepseek/deepseek-v4-pro-20260423,Alibaba,64.0,1.455
2026-07-20 02:40:17,deepseek/deepseek-v4-pro-20260423,SiliconFlow,34.0,3.544
2026-07-20 02:40:17,deepseek/deepseek-v4-pro-20260423,Venice,50.0,1.483
2026-07-20 02:40:17,deepseek/deepseek-v4-pro-20260423,AtlasCloud,45.0,2.177
2026-07-20 02:40:17,deepseek/deepseek-v4-pro-20260423,BaseTen,80.0,0.768
2026-07-20 02:40:17,deepseek/deepseek-v4-pro-20260423,Parasail,28.0,0.937
2026-07-20 02:40:17,deepseek/deepseek-v4-pro-20260423,WandB,6.0,1.31
2026-07-20 02:40:17,deepseek/deepseek-v4-pro-20260423,Together,54.0,0.754
2026-07-20 02:40:17,deepseek/deepseek-v4-pro-20260423,Fireworks,60.0,1.363
2026-07-20 02:40:17,anthropic/claude-4.7-opus-20260416,Amazon Bedrock,62.0,2.021
2026-07-20 02:40:17,anthropic/claude-4.7-opus-20260416,Anthropic,42.0,1.779
2026-07-20 02:40:17,anthropic/claude-4.7-opus-20260416,Google,71.0,0.92
2026-07-20 02:40:17,anthropic/claude-4.7-opus-20260416,Anthropic,42.0,1.68
2026-07-20 02:40:17,anthropic/claude-4.7-opus-20260416,Google,66.0,1.23
2026-07-20 02:50:23,tencent/hy3-20260706:free,Novita,37.0,3.045
2026-07-20 02:50:23,xiaomi/mimo-v2.5-20260422,DigitalOcean,18.0,0.951
2026-07-20 02:50:23,xiaomi/mimo-v2.5-20260422,Xiaomi,49.0,2.245
2026-07-20 02:50:23,xiaomi/mimo-v2.5-20260422,Novita,55.0,1.592
2026-07-20 02:50:23,xiaomi/mimo-v2.5-20260422,DeepInfra,43.0,0.369
2026-07-20 02:50:23,deepseek/deepseek-v4-flash-20260423,DeepInfra,22.0,0.958
2026-07-20 02:50:23,deepseek/deepseek-v4-flash-20260423,StreamLake,44.0,1.581
2026-07-20 02:50:23,deepseek/deepseek-v4-flash-20260423,GMICloud,37.0,2.377
2026-07-20 02:50:23,deepseek/deepseek-v4-flash-20260423,Baidu,62.0,0.598
2026-07-20 02:50:23,deepseek/deepseek-v4-flash-20260423,DigitalOcean,7.0,1.61
2026-07-20 02:50:23,deepseek/deepseek-v4-flash-20260423,SiliconFlow,41.0,1.704
2026-07-20 02:50:23,deepseek/deepseek-v4-flash-20260423,Alibaba,61.0,0.929
2026-07-20 02:50:23,deepseek/deepseek-v4-flash-20260423,Venice,21.0,1.784
2026-07-20 02:50:23,deepseek/deepseek-v4-flash-20260423,Morph,33.0,0.867
2026-07-20 02:50:23,deepseek/deepseek-v4-flash-20260423,Parasail,45.0,0.612
2026-07-20 02:50:23,deepseek/deepseek-v4-flash-20260423,Fireworks,63.0,1.323
2026-07-20 02:50:23,deepseek/deepseek-v4-flash-20260423,Novita,45.0,1.429
2026-07-20 02:50:23,deepseek/deepseek-v4-flash-20260423,WandB,52.0,0.655
2026-07-20 02:50:23,deepseek/deepseek-v4-flash-20260423,AkashML,16.0,0.926
2026-07-20 02:50:23,deepseek/deepseek-v4-flash-20260423,AtlasCloud,57.0,1.239
2026-07-20 02:50:23,deepseek/deepseek-v4-flash-20260423,DeepSeek,75.0,0.757
2026-07-20 02:50:23,deepseek/deepseek-v4-flash-20260423,Io Net,21.0,2.168
2026-07-20 02:50:23,deepseek/deepseek-v4-flash-20260423,Ambient,47.0,0.86
2026-07-20 02:50:23,minimax/minimax-m3-20260531,Novita,42.0,2.623
2026-07-20 02:50:23,minimax/minimax-m3-20260531,Venice,113.0,1.288
2026-07-20 02:50:23,minimax/minimax-m3-20260531,GMICloud,14.0,3.273
2026-07-20 02:50:23,minimax/minimax-m3-20260531,Minimax,49.0,1.622
2026-07-20 02:50:23,minimax/minimax-m3-20260531,AtlasCloud,30.0,1.217
2026-07-20 02:50:23,minimax/minimax-m3-20260531,Together,40.0,0.793
2026-07-20 02:50:23,minimax/minimax-m3-20260531,DeepInfra,99.0,0.565
2026-07-20 02:50:23,minimax/minimax-m3-20260531,Morph,57.0,1.23
2026-07-20 02:50:23,z-ai/glm-5.2-20260616,Decart,38.0,7.131
2026-07-20 02:50:23,z-ai/glm-5.2-20260616,Novita,30.0,3.148
2026-07-20 02:50:23,z-ai/glm-5.2-20260616,Baidu,39.0,1.873
2026-07-20 02:50:23,z-ai/glm-5.2-20260616,DeepInfra,5.0,0.652
2026-07-20 02:50:23,z-ai/glm-5.2-20260616,Inceptron,22.0,1.043
2026-07-20 02:50:23,z-ai/glm-5.2-20260616,StreamLake,50.0,1.23
2026-07-20 02:50:23,z-ai/glm-5.2-20260616,DigitalOcean,32.0,0.74
2026-07-20 02:50:23,z-ai/glm-5.2-20260616,Ambient,90.0,0.783
2026-07-20 02:50:23,z-ai/glm-5.2-20260616,Morph,44.0,1.558
2026-07-20 02:50:23,z-ai/glm-5.2-20260616,Wafer,56.0,3.723
2026-07-20 02:50:23,z-ai/glm-5.2-20260616,Alibaba,33.0,1.082
2026-07-20 02:50:23,z-ai/glm-5.2-20260616,AtlasCloud,51.0,1.627
2026-07-20 02:50:23,z-ai/glm-5.2-20260616,AkashML,69.0,0.684
2026-07-20 02:50:23,z-ai/glm-5.2-20260616,SiliconFlow,47.0,2.127
2026-07-20 02:50:23,z-ai/glm-5.2-20260616,WandB,97.0,0.473
2026-07-20 02:50:23,z-ai/glm-5.2-20260616,Z.AI,22.0,6.811
2026-07-20 02:50:23,z-ai/glm-5.2-20260616,Chutes,42.0,1.511
2026-07-20 02:50:23,z-ai/glm-5.2-20260616,Fireworks,52.0,1.006
2026-07-20 02:50:23,z-ai/glm-5.2-20260616,Cloudflare,59.0,0.889
2026-07-20 02:50:23,z-ai/glm-5.2-20260616,Friendli,105.0,1.253
2026-07-20 02:50:23,z-ai/glm-5.2-20260616,Parasail,102.0,0.92
2026-07-20 02:50:23,z-ai/glm-5.2-20260616,GMICloud,49.5,1.742
2026-07-20 02:50:23,z-ai/glm-5.2-20260616,Venice,58.0,1.416
2026-07-20 02:50:23,z-ai/glm-5.2-20260616,Together,80.0,0.508
2026-07-20 02:50:23,z-ai/glm-5.2-20260616,Ionstream,67.0,0.953
2026-07-20 02:50:23,z-ai/glm-5.2-20260616,Phala,42.0,1.421
2026-07-20 02:50:23,z-ai/glm-5.2-20260616,BaseTen,76.0,1.194
2026-07-20 02:50:23,z-ai/glm-5.2-20260616,Fireworks,44.0,1.913
2026-07-20 02:50:23,z-ai/glm-5.2-20260616,Io Net,72.0,1.881
2026-07-20 02:50:23,nvidia/nemotron-3-ultra-550b-a55b-20260604:free,Nvidia,45.0,1.847
2026-07-20 02:50:23,deepseek/deepseek-v4-pro-20260423,DeepSeek,45.0,1.161
2026-07-20 02:50:23,deepseek/deepseek-v4-pro-20260423,StreamLake,32.0,2.881
2026-07-20 02:50:23,deepseek/deepseek-v4-pro-20260423,Baidu,39.0,1.058
2026-07-20 02:50:23,deepseek/deepseek-v4-pro-20260423,GMICloud,43.0,2.34
2026-07-20 02:50:23,deepseek/deepseek-v4-pro-20260423,Ionstream,23.0,0.915
2026-07-20 02:50:23,deepseek/deepseek-v4-pro-20260423,Novita,48.0,1.755
2026-07-20 02:50:23,deepseek/deepseek-v4-pro-20260423,DeepInfra,48.0,0.819
2026-07-20 02:50:23,deepseek/deepseek-v4-pro-20260423,DigitalOcean,26.0,1.21
2026-07-20 02:50:23,deepseek/deepseek-v4-pro-20260423,Alibaba,66.0,1.437
2026-07-20 02:50:23,deepseek/deepseek-v4-pro-20260423,SiliconFlow,33.0,3.375
2026-07-20 02:50:23,deepseek/deepseek-v4-pro-20260423,Venice,46.0,1.605
2026-07-20 02:50:23,deepseek/deepseek-v4-pro-20260423,AtlasCloud,42.0,2.178
2026-07-20 02:50:23,deepseek/deepseek-v4-pro-20260423,BaseTen,87.0,0.714
2026-07-20 02:50:23,deepseek/deepseek-v4-pro-20260423,Parasail,28.0,0.874
2026-07-20 02:50:23,deepseek/deepseek-v4-pro-20260423,WandB,6.0,1.245
2026-07-20 02:50:23,deepseek/deepseek-v4-pro-20260423,Together,61.0,0.712
2026-07-20 02:50:23,deepseek/deepseek-v4-pro-20260423,Fireworks,54.0,1.587
2026-07-20 02:50:23,anthropic/claude-4.7-opus-20260416,Amazon Bedrock,61.0,2.024
2026-07-20 02:50:23,anthropic/claude-4.7-opus-20260416,Anthropic,42.0,1.842
2026-07-20 02:50:23,anthropic/claude-4.7-opus-20260416,Google,68.0,0.901
2026-07-20 02:50:23,anthropic/claude-4.7-opus-20260416,Anthropic,40.0,1.648
2026-07-20 02:50:23,anthropic/claude-4.7-opus-20260416,Google,72.0,1.033
2026-07-20 03:00:26,tencent/hy3-20260706:free,Novita,36.0,3.118
2026-07-20 03:00:26,xiaomi/mimo-v2.5-20260422,DigitalOcean,19.0,0.944
2026-07-20 03:00:26,xiaomi/mimo-v2.5-20260422,GMICloud,37.0,4.181
2026-07-20 03:00:26,xiaomi/mimo-v2.5-20260422,Xiaomi,48.0,2.391
2026-07-20 03:00:26,xiaomi/mimo-v2.5-20260422,Novita,54.0,1.589
2026-07-20 03:00:26,xiaomi/mimo-v2.5-20260422,DeepInfra,111.0,0.323
2026-07-20 03:00:26,deepseek/deepseek-v4-flash-20260423,DeepInfra,23.0,0.955
2026-07-20 03:00:26,deepseek/deepseek-v4-flash-20260423,StreamLake,45.0,1.539
2026-07-20 03:00:26,deepseek/deepseek-v4-flash-20260423,GMICloud,37.0,2.418
2026-07-20 03:00:26,deepseek/deepseek-v4-flash-20260423,Baidu,62.0,0.591
2026-07-20 03:00:26,deepseek/deepseek-v4-flash-20260423,DigitalOcean,6.0,1.651
2026-07-20 03:00:26,deepseek/deepseek-v4-flash-20260423,SiliconFlow,40.0,1.744
2026-07-20 03:00:26,deepseek/deepseek-v4-flash-20260423,Alibaba,62.0,0.928
2026-07-20 03:00:26,deepseek/deepseek-v4-flash-20260423,Venice,22.0,1.807
2026-07-20 03:00:26,deepseek/deepseek-v4-flash-20260423,Morph,36.0,0.85
2026-07-20 03:00:26,deepseek/deepseek-v4-flash-20260423,Parasail,45.0,0.603
2026-07-20 03:00:26,deepseek/deepseek-v4-flash-20260423,Fireworks,67.0,1.19
2026-07-20 03:00:26,deepseek/deepseek-v4-flash-20260423,Novita,44.0,1.414
2026-07-20 03:00:26,deepseek/deepseek-v4-flash-20260423,WandB,53.0,0.633
2026-07-20 03:00:26,deepseek/deepseek-v4-flash-20260423,AkashML,15.0,0.94
2026-07-20 03:00:26,deepseek/deepseek-v4-flash-20260423,AtlasCloud,54.0,1.23
2026-07-20 03:00:26,deepseek/deepseek-v4-flash-20260423,DeepSeek,74.0,0.775
2026-07-20 03:00:26,deepseek/deepseek-v4-flash-20260423,Io Net,24.0,1.529
2026-07-20 03:00:26,deepseek/deepseek-v4-flash-20260423,Ambient,48.0,0.821
2026-07-20 03:00:26,minimax/minimax-m3-20260531,Novita,41.0,2.579
2026-07-20 03:00:26,minimax/minimax-m3-20260531,Venice,154.5,1.069
2026-07-20 03:00:26,minimax/minimax-m3-20260531,GMICloud,23.0,2.872
2026-07-20 03:00:26,minimax/minimax-m3-20260531,Minimax,48.0,1.663
2026-07-20 03:00:26,minimax/minimax-m3-20260531,AtlasCloud,31.0,1.217
2026-07-20 03:00:26,minimax/minimax-m3-20260531,Together,43.0,0.948
2026-07-20 03:00:26,minimax/minimax-m3-20260531,Parasail,27.0,1.617
2026-07-20 03:00:26,minimax/minimax-m3-20260531,DeepInfra,46.5,4.798
2026-07-20 03:00:26,minimax/minimax-m3-20260531,Morph,57.0,1.115
2026-07-20 03:00:26,z-ai/glm-5.2-20260616,Decart,72.0,1.919
2026-07-20 03:00:26,z-ai/glm-5.2-20260616,Novita,28.0,3.53
2026-07-20 03:00:26,z-ai/glm-5.2-20260616,Baidu,38.0,1.928
2026-07-20 03:00:26,z-ai/glm-5.2-20260616,DeepInfra,21.0,0.714
2026-07-20 03:00:26,z-ai/glm-5.2-20260616,Inceptron,5.0,1.966
2026-07-20 03:00:26,z-ai/glm-5.2-20260616,StreamLake,45.0,1.44
2026-07-20 03:00:26,z-ai/glm-5.2-20260616,DigitalOcean,29.0,0.686
2026-07-20 03:00:26,z-ai/glm-5.2-20260616,Ambient,57.0,0.665
2026-07-20 03:00:26,z-ai/glm-5.2-20260616,Morph,27.0,1.474
2026-07-20 03:00:26,z-ai/glm-5.2-20260616,Wafer,38.0,2.37
2026-07-20 03:00:26,z-ai/glm-5.2-20260616,Alibaba,32.0,0.99
2026-07-20 03:00:26,z-ai/glm-5.2-20260616,AtlasCloud,43.0,1.285
2026-07-20 03:00:26,z-ai/glm-5.2-20260616,AkashML,45.0,0.914
2026-07-20 03:00:26,z-ai/glm-5.2-20260616,SiliconFlow,45.0,1.051
2026-07-20 03:00:26,z-ai/glm-5.2-20260616,WandB,90.0,0.547
2026-07-20 03:00:26,z-ai/glm-5.2-20260616,Z.AI,22.5,6.404
2026-07-20 03:00:26,z-ai/glm-5.2-20260616,Chutes,22.0,1.764
2026-07-20 03:00:26,z-ai/glm-5.2-20260616,Fireworks,52.0,1.041
2026-07-20 03:00:26,z-ai/glm-5.2-20260616,Cloudflare,49.0,0.924
2026-07-20 03:00:26,z-ai/glm-5.2-20260616,Friendli,110.0,1.121
2026-07-20 03:00:26,z-ai/glm-5.2-20260616,Parasail,76.0,0.696
2026-07-20 03:00:26,z-ai/glm-5.2-20260616,GMICloud,38.0,1.763
2026-07-20 03:00:26,z-ai/glm-5.2-20260616,Venice,46.0,1.294
2026-07-20 03:00:26,z-ai/glm-5.2-20260616,Together,65.0,0.593
2026-07-20 03:00:26,z-ai/glm-5.2-20260616,Ionstream,62.0,0.643
2026-07-20 03:00:26,z-ai/glm-5.2-20260616,Phala,26.0,1.906
2026-07-20 03:00:26,z-ai/glm-5.2-20260616,BaseTen,62.0,0.873
2026-07-20 03:00:26,z-ai/glm-5.2-20260616,Fireworks,43.5,1.819
2026-07-20 03:00:26,z-ai/glm-5.2-20260616,Io Net,40.0,1.704
2026-07-20 03:00:26,z-ai/glm-5.2-20260616,Wafer,174.5,1.373
2026-07-20 03:00:26,nvidia/nemotron-3-ultra-550b-a55b-20260604:free,Nvidia,44.0,1.885
2026-07-20 03:00:26,deepseek/deepseek-v4-pro-20260423,DeepSeek,45.0,1.15
2026-07-20 03:00:26,deepseek/deepseek-v4-pro-20260423,StreamLake,31.0,2.887
2026-07-20 03:00:26,deepseek/deepseek-v4-pro-20260423,Baidu,38.0,1.131
2026-07-20 03:00:26,deepseek/deepseek-v4-pro-20260423,GMICloud,43.0,2.29
2026-07-20 03:00:26,deepseek/deepseek-v4-pro-20260423,Ionstream,18.0,0.892
2026-07-20 03:00:26,deepseek/deepseek-v4-pro-20260423,Novita,48.0,1.669
2026-07-20 03:00:26,deepseek/deepseek-v4-pro-20260423,DeepInfra,48.0,0.815
2026-07-20 03:00:26,deepseek/deepseek-v4-pro-20260423,DigitalOcean,22.0,1.183
2026-07-20 03:00:26,deepseek/deepseek-v4-pro-20260423,Alibaba,65.0,1.418
2026-07-20 03:00:26,deepseek/deepseek-v4-pro-20260423,SiliconFlow,32.0,3.49
2026-07-20 03:00:26,deepseek/deepseek-v4-pro-20260423,Venice,42.0,1.788
2026-07-20 03:00:26,deepseek/deepseek-v4-pro-20260423,AtlasCloud,42.0,2.178
2026-07-20 03:00:26,deepseek/deepseek-v4-pro-20260423,BaseTen,88.0,0.698
2026-07-20 03:00:26,deepseek/deepseek-v4-pro-20260423,Parasail,28.0,0.836
2026-07-20 03:00:26,deepseek/deepseek-v4-pro-20260423,WandB,6.0,1.226
2026-07-20 03:00:26,deepseek/deepseek-v4-pro-20260423,Together,64.5,0.681
2026-07-20 03:00:26,deepseek/deepseek-v4-pro-20260423,Fireworks,53.0,1.53
2026-07-20 03:00:26,anthropic/claude-4.7-opus-20260416,Amazon Bedrock,61.0,2.077
2026-07-20 03:00:26,anthropic/claude-4.7-opus-20260416,Anthropic,43.0,1.857
2026-07-20 03:00:26,anthropic/claude-4.7-opus-20260416,Google,68.0,0.889
2026-07-20 03:00:26,anthropic/claude-4.7-opus-20260416,Anthropic,42.0,1.75
2026-07-20 03:00:26,anthropic/claude-4.7-opus-20260416,Google,78.0,0.979
2026-07-20 03:10:21,tencent/hy3-20260706:free,Novita,36.0,3.108
2026-07-20 03:10:21,xiaomi/mimo-v2.5-20260422,DigitalOcean,22.0,0.97
2026-07-20 03:10:21,xiaomi/mimo-v2.5-20260422,GMICloud,38.0,3.674
2026-07-20 03:10:21,xiaomi/mimo-v2.5-20260422,Xiaomi,35.0,3.837
2026-07-20 03:10:21,xiaomi/mimo-v2.5-20260422,Novita,46.0,2.522
2026-07-20 03:10:21,xiaomi/mimo-v2.5-20260422,DeepInfra,62.5,0.395
2026-07-20 03:10:21,deepseek/deepseek-v4-flash-20260423,DeepInfra,23.0,0.947
2026-07-20 03:10:21,deepseek/deepseek-v4-flash-20260423,StreamLake,46.0,1.534
2026-07-20 03:10:21,deepseek/deepseek-v4-flash-20260423,GMICloud,37.0,2.447
2026-07-20 03:10:21,deepseek/deepseek-v4-flash-20260423,Baidu,62.0,0.59
2026-07-20 03:10:21,deepseek/deepseek-v4-flash-20260423,DigitalOcean,6.0,1.707
2026-07-20 03:10:21,deepseek/deepseek-v4-flash-20260423,SiliconFlow,40.0,1.732
2026-07-20 03:10:21,deepseek/deepseek-v4-flash-20260423,Alibaba,61.0,0.935
2026-07-20 03:10:21,deepseek/deepseek-v4-flash-20260423,Venice,23.0,1.81
2026-07-20 03:10:21,deepseek/deepseek-v4-flash-20260423,Morph,36.0,0.928
2026-07-20 03:10:21,deepseek/deepseek-v4-flash-20260423,Parasail,45.0,0.603
2026-07-20 03:10:21,deepseek/deepseek-v4-flash-20260423,Fireworks,68.0,1.129
2026-07-20 03:10:21,deepseek/deepseek-v4-flash-20260423,Novita,46.0,1.416
2026-07-20 03:10:21,deepseek/deepseek-v4-flash-20260423,WandB,49.0,0.669
2026-07-20 03:10:21,deepseek/deepseek-v4-flash-20260423,AkashML,16.0,0.925
2026-07-20 03:10:21,deepseek/deepseek-v4-flash-20260423,AtlasCloud,53.0,1.236
2026-07-20 03:10:21,deepseek/deepseek-v4-flash-20260423,DeepSeek,73.0,0.793
2026-07-20 03:10:21,deepseek/deepseek-v4-flash-20260423,Io Net,23.0,1.47
2026-07-20 03:10:21,deepseek/deepseek-v4-flash-20260423,Ambient,54.0,0.788
2026-07-20 03:10:21,minimax/minimax-m3-20260531,Novita,41.0,2.61
2026-07-20 03:10:21,minimax/minimax-m3-20260531,Venice,168.0,1.024
2026-07-20 03:10:21,minimax/minimax-m3-20260531,GMICloud,24.0,2.76
2026-07-20 03:10:21,minimax/minimax-m3-20260531,Minimax,48.0,1.645
2026-07-20 03:10:21,minimax/minimax-m3-20260531,AtlasCloud,35.0,1.219
2026-07-20 03:10:21,minimax/minimax-m3-20260531,Together,45.0,0.946
2026-07-20 03:10:21,minimax/minimax-m3-20260531,Parasail,32.5,1.982
2026-07-20 03:10:21,minimax/minimax-m3-20260531,DeepInfra,35.0,4.744
2026-07-20 03:10:21,minimax/minimax-m3-20260531,Morph,57.0,1.095
2026-07-20 03:10:21,z-ai/glm-5.2-20260616,Decart,125.0,0.529
2026-07-20 03:10:21,z-ai/glm-5.2-20260616,Novita,27.5,3.591
2026-07-20 03:10:21,z-ai/glm-5.2-20260616,Baidu,38.0,1.852
2026-07-20 03:10:21,z-ai/glm-5.2-20260616,DeepInfra,23.0,0.736
2026-07-20 03:10:21,z-ai/glm-5.2-20260616,Inceptron,3.0,2.142
2026-07-20 03:10:21,z-ai/glm-5.2-20260616,StreamLake,44.0,1.423
2026-07-20 03:10:21,z-ai/glm-5.2-20260616,DigitalOcean,27.0,0.724
2026-07-20 03:10:21,z-ai/glm-5.2-20260616,Ambient,51.0,0.672
2026-07-20 03:10:21,z-ai/glm-5.2-20260616,Morph,27.0,1.485
2026-07-20 03:10:21,z-ai/glm-5.2-20260616,Wafer,41.0,2.778
2026-07-20 03:10:21,z-ai/glm-5.2-20260616,Alibaba,32.0,0.969
2026-07-20 03:10:21,z-ai/glm-5.2-20260616,AtlasCloud,43.0,1.22
2026-07-20 03:10:21,z-ai/glm-5.2-20260616,AkashML,45.0,0.895
2026-07-20 03:10:21,z-ai/glm-5.2-20260616,SiliconFlow,46.0,1.046
2026-07-20 03:10:21,z-ai/glm-5.2-20260616,WandB,87.0,0.547
2026-07-20 03:10:21,z-ai/glm-5.2-20260616,Z.AI,23.0,6.274
2026-07-20 03:10:21,z-ai/glm-5.2-20260616,Chutes,24.0,1.718
2026-07-20 03:10:21,z-ai/glm-5.2-20260616,Fireworks,52.0,1.098
2026-07-20 03:10:21,z-ai/glm-5.2-20260616,Cloudflare,50.0,0.943
2026-07-20 03:10:21,z-ai/glm-5.2-20260616,Friendli,108.0,1.129
2026-07-20 03:10:21,z-ai/glm-5.2-20260616,Parasail,76.0,0.715
2026-07-20 03:10:21,z-ai/glm-5.2-20260616,GMICloud,39.0,1.723
2026-07-20 03:10:21,z-ai/glm-5.2-20260616,Venice,44.0,1.324
2026-07-20 03:10:21,z-ai/glm-5.2-20260616,Together,64.0,0.606
2026-07-20 03:10:21,z-ai/glm-5.2-20260616,Ionstream,60.0,0.639
2026-07-20 03:10:21,z-ai/glm-5.2-20260616,Phala,26.0,1.909
2026-07-20 03:10:21,z-ai/glm-5.2-20260616,BaseTen,62.0,0.89
2026-07-20 03:10:21,z-ai/glm-5.2-20260616,Fireworks,48.0,1.652
2026-07-20 03:10:21,z-ai/glm-5.2-20260616,Io Net,38.0,1.664
2026-07-20 03:10:21,z-ai/glm-5.2-20260616,Wafer,174.5,1.369
2026-07-20 03:10:21,nvidia/nemotron-3-ultra-550b-a55b-20260604:free,Nvidia,38.0,1.925
2026-07-20 03:10:21,deepseek/deepseek-v4-pro-20260423,DeepSeek,43.0,1.158
2026-07-20 03:10:21,deepseek/deepseek-v4-pro-20260423,StreamLake,32.0,2.942
2026-07-20 03:10:21,deepseek/deepseek-v4-pro-20260423,Baidu,37.0,1.163
2026-07-20 03:10:21,deepseek/deepseek-v4-pro-20260423,GMICloud,41.0,2.326
2026-07-20 03:10:21,deepseek/deepseek-v4-pro-20260423,Ionstream,4.0,0.864
2026-07-20 03:10:21,deepseek/deepseek-v4-pro-20260423,Novita,48.0,1.609
2026-07-20 03:10:21,deepseek/deepseek-v4-pro-20260423,DeepInfra,50.0,0.803
2026-07-20 03:10:21,deepseek/deepseek-v4-pro-20260423,DigitalOcean,2.0,1.104
2026-07-20 03:10:21,deepseek/deepseek-v4-pro-20260423,Alibaba,61.0,1.366
2026-07-20 03:10:21,deepseek/deepseek-v4-pro-20260423,SiliconFlow,30.0,3.738
2026-07-20 03:10:21,deepseek/deepseek-v4-pro-20260423,Venice,38.0,2.001
2026-07-20 03:10:21,deepseek/deepseek-v4-pro-20260423,AtlasCloud,41.0,2.181
2026-07-20 03:10:21,deepseek/deepseek-v4-pro-20260423,BaseTen,84.0,0.619
2026-07-20 03:10:21,deepseek/deepseek-v4-pro-20260423,Parasail,29.0,0.663
2026-07-20 03:10:21,deepseek/deepseek-v4-pro-20260423,WandB,2.0,1.232
2026-07-20 03:10:21,deepseek/deepseek-v4-pro-20260423,Together,62.0,0.579
2026-07-20 03:10:21,deepseek/deepseek-v4-pro-20260423,Fireworks,54.0,1.376
2026-07-20 03:10:21,anthropic/claude-4.7-opus-20260416,Amazon Bedrock,61.0,2.095
2026-07-20 03:10:21,anthropic/claude-4.7-opus-20260416,Anthropic,43.0,1.866
2026-07-20 03:10:21,anthropic/claude-4.7-opus-20260416,Google,69.0,0.858
2026-07-20 03:10:21,anthropic/claude-4.7-opus-20260416,Anthropic,42.0,1.756
2026-07-20 03:10:21,anthropic/claude-4.7-opus-20260416,Google,80.0,1.014
2026-07-20 03:20:21,tencent/hy3-20260706:free,Novita,36.0,3.118
2026-07-20 03:20:21,xiaomi/mimo-v2.5-20260422,DigitalOcean,22.0,0.995
2026-07-20 03:20:21,xiaomi/mimo-v2.5-20260422,GMICloud,38.0,3.696
2026-07-20 03:20:21,xiaomi/mimo-v2.5-20260422,Xiaomi,35.0,3.831
2026-07-20 03:20:21,xiaomi/mimo-v2.5-20260422,Novita,43.0,2.45
2026-07-20 03:20:21,xiaomi/mimo-v2.5-20260422,DeepInfra,42.0,0.374
2026-07-20 03:20:21,deepseek/deepseek-v4-flash-20260423,DeepInfra,22.0,0.957
2026-07-20 03:20:21,deepseek/deepseek-v4-flash-20260423,StreamLake,46.0,1.496
2026-07-20 03:20:21,deepseek/deepseek-v4-flash-20260423,GMICloud,37.0,2.511
2026-07-20 03:20:21,deepseek/deepseek-v4-flash-20260423,Baidu,62.0,0.586
2026-07-20 03:20:21,deepseek/deepseek-v4-flash-20260423,DigitalOcean,6.0,1.688
2026-07-20 03:20:21,deepseek/deepseek-v4-flash-20260423,SiliconFlow,37.0,1.744
2026-07-20 03:20:21,deepseek/deepseek-v4-flash-20260423,Alibaba,61.0,0.939
2026-07-20 03:20:21,deepseek/deepseek-v4-flash-20260423,Venice,21.0,1.783
2026-07-20 03:20:21,deepseek/deepseek-v4-flash-20260423,Morph,32.0,0.774
2026-07-20 03:20:21,deepseek/deepseek-v4-flash-20260423,Parasail,45.0,0.601
2026-07-20 03:20:21,deepseek/deepseek-v4-flash-20260423,Fireworks,68.0,1.073
2026-07-20 03:20:21,deepseek/deepseek-v4-flash-20260423,Novita,49.0,1.505
2026-07-20 03:20:21,deepseek/deepseek-v4-flash-20260423,WandB,40.0,0.624
2026-07-20 03:20:21,deepseek/deepseek-v4-flash-20260423,AkashML,14.0,1.023
2026-07-20 03:20:21,deepseek/deepseek-v4-flash-20260423,AtlasCloud,52.0,1.245
2026-07-20 03:20:21,deepseek/deepseek-v4-flash-20260423,DeepSeek,72.0,0.886
2026-07-20 03:20:21,deepseek/deepseek-v4-flash-20260423,Io Net,16.0,1.647
2026-07-20 03:20:21,deepseek/deepseek-v4-flash-20260423,Ambient,26.0,0.869
2026-07-20 03:20:21,minimax/minimax-m3-20260531,Novita,41.0,2.579
2026-07-20 03:20:21,minimax/minimax-m3-20260531,Venice,154.5,1.069
2026-07-20 03:20:21,minimax/minimax-m3-20260531,GMICloud,23.0,2.872
2026-07-20 03:20:21,minimax/minimax-m3-20260531,Minimax,48.0,1.663
2026-07-20 03:20:21,minimax/minimax-m3-20260531,AtlasCloud,31.0,1.217
2026-07-20 03:20:21,minimax/minimax-m3-20260531,Together,43.0,0.948
2026-07-20 03:20:21,minimax/minimax-m3-20260531,Parasail,27.0,1.617
2026-07-20 03:20:21,minimax/minimax-m3-20260531,DeepInfra,46.5,4.798
2026-07-20 03:20:21,minimax/minimax-m3-20260531,Morph,57.0,1.115
2026-07-20 03:20:21,z-ai/glm-5.2-20260616,Decart,167.0,0.488
2026-07-20 03:20:21,z-ai/glm-5.2-20260616,Baidu,42.0,1.475
2026-07-20 03:20:21,z-ai/glm-5.2-20260616,DeepInfra,27.0,0.794
2026-07-20 03:20:21,z-ai/glm-5.2-20260616,Inceptron,7.0,2.001
2026-07-20 03:20:21,z-ai/glm-5.2-20260616,StreamLake,36.0,2.023
2026-07-20 03:20:21,z-ai/glm-5.2-20260616,Novita,32.0,3.284
2026-07-20 03:20:21,z-ai/glm-5.2-20260616,DigitalOcean,25.0,1.046
2026-07-20 03:20:21,z-ai/glm-5.2-20260616,Ambient,46.0,0.798
2026-07-20 03:20:21,z-ai/glm-5.2-20260616,Morph,40.0,1.642
2026-07-20 03:20:21,z-ai/glm-5.2-20260616,Wafer,56.0,4.191
2026-07-20 03:20:21,z-ai/glm-5.2-20260616,Alibaba,34.0,0.951
2026-07-20 03:20:21,z-ai/glm-5.2-20260616,AtlasCloud,39.0,1.784
2026-07-20 03:20:21,z-ai/glm-5.2-20260616,AkashML,51.0,0.954
2026-07-20 03:20:21,z-ai/glm-5.2-20260616,SiliconFlow,48.0,1.063
2026-07-20 03:20:21,z-ai/glm-5.2-20260616,WandB,82.0,0.542
2026-07-20 03:20:21,z-ai/glm-5.2-20260616,Z.AI,24.0,6.21
2026-07-20 03:20:21,z-ai/glm-5.2-20260616,Chutes,38.0,1.866
2026-07-20 03:20:21,z-ai/glm-5.2-20260616,Fireworks,51.0,1.41
2026-07-20 03:20:21,z-ai/glm-5.2-20260616,Cloudflare,57.0,0.903
2026-07-20 03:20:21,z-ai/glm-5.2-20260616,Friendli,104.0,1.089
2026-07-20 03:20:21,z-ai/glm-5.2-20260616,Parasail,80.0,0.786
2026-07-20 03:20:21,z-ai/glm-5.2-20260616,GMICloud,51.5,1.51
2026-07-20 03:20:21,z-ai/glm-5.2-20260616,Venice,48.0,1.468
2026-07-20 03:20:21,z-ai/glm-5.2-20260616,Together,66.0,0.606
2026-07-20 03:20:21,z-ai/glm-5.2-20260616,Ionstream,67.0,0.627
2026-07-20 03:20:21,z-ai/glm-5.2-20260616,Phala,34.0,1.832
2026-07-20 03:20:21,z-ai/glm-5.2-20260616,BaseTen,64.0,0.919
2026-07-20 03:20:21,z-ai/glm-5.2-20260616,Fireworks,68.0,1.454
2026-07-20 03:20:21,z-ai/glm-5.2-20260616,Io Net,57.0,1.754
2026-07-20 03:20:21,z-ai/glm-5.2-20260616,Wafer,138.5,1.55
2026-07-20 03:20:21,nvidia/nemotron-3-ultra-550b-a55b-20260604:free,Nvidia,40.0,1.895
2026-07-20 03:20:21,deepseek/deepseek-v4-pro-20260423,DeepSeek,44.0,1.161
2026-07-20 03:20:21,deepseek/deepseek-v4-pro-20260423,StreamLake,34.0,2.766
2026-07-20 03:20:21,deepseek/deepseek-v4-pro-20260423,Baidu,36.0,1.236
2026-07-20 03:20:21,deepseek/deepseek-v4-pro-20260423,GMICloud,40.0,2.312
2026-07-20 03:20:21,deepseek/deepseek-v4-pro-20260423,Ionstream,4.0,0.857
2026-07-20 03:20:21,deepseek/deepseek-v4-pro-20260423,Novita,48.0,1.589
2026-07-20 03:20:21,deepseek/deepseek-v4-pro-20260423,DeepInfra,48.0,0.774
2026-07-20 03:20:21,deepseek/deepseek-v4-pro-20260423,DigitalOcean,2.0,1.13
2026-07-20 03:20:21,deepseek/deepseek-v4-pro-20260423,Alibaba,59.0,1.366
2026-07-20 03:20:21,deepseek/deepseek-v4-pro-20260423,SiliconFlow,30.0,3.663
2026-07-20 03:20:21,deepseek/deepseek-v4-pro-20260423,Venice,37.0,2.011
2026-07-20 03:20:21,deepseek/deepseek-v4-pro-20260423,AtlasCloud,41.0,2.183
2026-07-20 03:20:21,deepseek/deepseek-v4-pro-20260423,BaseTen,83.0,0.619
2026-07-20 03:20:21,deepseek/deepseek-v4-pro-20260423,Parasail,28.0,0.636
2026-07-20 03:20:21,deepseek/deepseek-v4-pro-20260423,WandB,2.0,1.233
2026-07-20 03:20:21,deepseek/deepseek-v4-pro-20260423,Together,59.0,0.57
2026-07-20 03:20:21,deepseek/deepseek-v4-pro-20260423,Fireworks,54.0,1.356
2026-07-20 03:20:21,anthropic/claude-4.7-opus-20260416,Amazon Bedrock,60.0,2.122
2026-07-20 03:20:21,anthropic/claude-4.7-opus-20260416,Anthropic,44.0,1.865
2026-07-20 03:20:21,anthropic/claude-4.7-opus-20260416,Google,73.0,0.879
2026-07-20 03:20:21,anthropic/claude-4.7-opus-20260416,Anthropic,43.0,1.865
2026-07-20 03:20:21,anthropic/claude-4.7-opus-20260416,Google,131.0,1.475
